,id,h,v,fuel
0,8714,1893.3333333333333,-11.421317322391689,99880.0
1,8714,1986.6666666666667,-25.717935902226582,99730.0
